ID,Group,f_1,f_2,Feature_3
ID763,C,2485.0568174848213,381.755674822732,323.5030001392138
ID204,C,2440.1832258760696,403.0104504953539,184.96340869755977
ID734,C,2179.5713893890115,415.24305273531456,492.03819828255155
ID422,B,3392.261364828115,423.5437625218628,9485.403218080193
ID559,C,2825.963353635457,400.4511319210155,159.19583999399129
ID432,A,2459.4673224252365,390.8276891663951,8185.237989005447
ID337,B,2982.536854166154,377.23453000651796,8465.341542811133
ID347,C,2474.583083126348,425.0661517518006,239.35770499067576
ID774,C,2572.393896291233,433.12559921127007,-101.45783286353935
ID142,B,2421.326423251233,393.2219208306124,6984.968797014954
ID892,B,2974.8018025424003,403.2456508305566,8157.522204908448
ID898,B,3089.6778874081665,407.46629480377464,8824.690578250726
ID345,B,3047.2809722869833,401.49451115696934,8195.768574020283
ID290,A,2551.8320284990837,407.88564222995393,8091.750747351751
ID853,B,2758.3491794336505,392.01532734360774,7533.755368706021
ID581,C,2339.526885828224,410.6863102595836,587.4643622614744
ID602,A,2477.1570009862075,413.703203278579,7699.295012181522
ID179,A,2698.2041604365777,396.2294589708059,7902.526334910476
ID584,A,2909.8907009555055,393.98063795403664,9119.493778700957
ID707,A,2507.3214186213804,433.55961755283283,8036.324726864179
ID154,A,2771.533567181662,391.2939720924444,8909.139478395316
ID442,A,2718.235227875841,418.74104185239025,8731.553330298304
ID849,C,1785.8352076960882,386.47834352571414,1183.3502176860438
ID119,A,2178.773754173126,382.85161872518063,7058.004214794455
ID790,A,2579.049198713538,399.410323889968,8210.868366627412
ID619,C,2557.321570650378,406.5611626282362,7.722298498787495
ID488,C,2823.2172912903775,389.8907074995995,52.37611999946603
ID554,A,2969.6891127033973,387.56729080618686,9246.570322922169
ID259,A,2409.674224043455,386.4910294148348,7946.526855413586
ID873,B,2915.8135912218854,391.35790175790544,8344.809122248782
ID697,B,3001.512397394269,391.92149623976036,8583.38120743153
ID701,C,2099.050460448918,406.68173260182846,259.0797609231545
ID416,C,2481.0191579270804,396.1880024881413,139.17672686127935
ID338,B,2370.8778135596644,417.05335550419403,7134.11178319973
ID224,B,2006.4950053687191,406.45655873885084,6529.112122245429
ID227,C,2894.266028356152,397.8851839830248,0.7505655441877934
ID107,B,2664.3579680444477,396.0592982328776,7880.396455573631
ID127,A,2865.904102730017,404.6379859970643,8924.78977273584
ID309,B,2736.139104406786,373.7077926977031,8410.488456774689
ID477,C,2574.3651100272687,379.7980948264107,543.7788118955286
ID655,B,2451.591984749066,412.9140856219594,7750.515958557095
ID257,A,2694.2706001815823,395.3142815754849,8922.43233179802
ID261,C,2485.6186349411396,397.96501026844675,250.0001034935185
ID181,B,2559.5503333655465,411.8064848168995,7576.99369472801
ID313,B,1857.6241424620384,437.30606008799305,6336.506669190674
ID141,C,2643.9108199765865,386.93102057762155,-464.94900939077115
ID434,B,2333.893933316183,387.75781218807606,7049.8140844662885
ID757,C,2160.721923554173,397.12598197508856,897.7398753414818
ID156,A,2624.6307248859744,412.570141506082,7643.2998630302545
ID893,B,2299.638824935042,397.22864973282765,7646.4881918643905
ID310,A,2433.711152192513,408.33913032027385,8220.339068868274
ID272,B,2136.529037679169,391.3357879076621,6811.709194812791
ID117,B,2043.89006044235,383.79292591375236,6593.094257497197
ID794,B,2833.603506573294,389.2772144663846,8214.574309037256
ID459,C,2366.4922199610055,380.8254634725052,591.8979563536689
ID408,A,2551.376220057083,412.86916267975914,8369.323236333075
ID489,A,2821.0119676859445,397.52568645340403,8993.495843075321
ID125,B,2580.266277921909,406.7415301533584,7925.563365910368
ID476,C,2815.439714950008,378.70775332423284,264.20970763794276
ID134,B,2709.8134965023223,367.63331828076326,8087.341532109732
ID403,A,2732.213526182954,404.91290691789385,8551.050954171127
ID212,C,2564.387184384526,387.58497233506785,322.803653552196
ID878,C,2744.6595017065474,402.9552579152151,62.532792257812616
ID640,B,2933.7072951260516,384.51428831892474,8301.0780304373
ID366,C,2709.4266143531713,374.79912523948883,214.67434473399408
ID220,B,2467.387967537083,410.35486060062095,7275.288228193664
ID710,B,2567.1825593558247,410.31807041832343,7292.645426212428
ID616,C,2579.2562372413245,381.9643838908889,-24.52593921325888
ID333,A,3162.8776670878324,401.6349969354511,10192.032027024265
ID547,A,2578.163800255665,416.46613473213233,8343.844596699366
ID455,B,2564.7268570726824,400.81635582185356,7852.311226382644
ID534,A,2297.218554563142,392.5754080218013,7511.279402759571
ID180,C,3243.4011807529855,364.0049163173939,-572.8593457577967
ID254,A,2730.6915114559706,376.5161069426233,8547.031311800984
ID556,A,2109.5557448535483,406.39975779554925,7012.963774435038
ID496,A,2063.7395800582067,407.82003612021725,6710.945563154464
ID176,B,2623.390007596495,410.34730042949786,7467.310452751707
ID359,B,2891.6517313514028,398.40852415855306,8362.263789421899
ID284,B,2880.111089028544,418.2474200519485,7584.728438009981
ID814,C,2660.3153704602087,399.2990070381399,583.4021404673499
ID226,C,2620.3161361296475,406.4135117925581,343.4604619671595
ID654,A,2305.8923917447573,412.84298642480894,7241.264250846796
ID676,C,3063.9620923442944,435.0011121050221,-348.67781463502524
ID108,A,2563.019093091658,416.3772949458421,8326.733396152493
ID698,B,2704.759822085064,393.1796874639588,8026.628286047192
ID274,A,2099.2379211402254,400.02146498452544,6884.267777732048
ID285,B,2505.700971463837,397.2455803432534,7460.24744132273
ID208,C,3249.552402435018,391.74975836671723,36.906904352237234
ID809,C,2771.51440824556,388.1080238630331,361.0064520677661
ID207,C,2513.669277732588,380.31562634471555,1062.0300538299607
ID388,B,2993.600157259658,393.4304469135463,8296.475670238047
ID152,B,2525.1106958722075,382.5031201439781,7564.457354331393
ID576,B,3096.786118632269,411.11242102856943,8862.28986515789
ID682,A,2796.2395125751136,417.2588356596075,9016.166597476025
ID214,B,2897.8601511255138,406.8339371818101,8547.765536258123
ID262,C,2438.055544650537,396.85860279025025,560.1324544825275
ID308,B,2353.65306043917,404.68290568130845,7164.799314852897
ID316,B,2682.4288427561323,415.89152451246935,7351.298382112863
ID195,C,2814.692208123289,403.6759230459825,8.124212577745766
ID360,B,2983.548347450974,417.8738677327643,8404.156264198045
ID132,B,2814.7787946444305,410.8121608603525,7955.820418004574
ID209,A,2396.1256680795796,385.9938575110466,7269.590320385887
ID399,B,2276.457305068652,391.24531585347876,6994.872193045152
ID424,A,2071.0312056462894,367.64027940042416,7036.404124891266
ID538,B,2161.5019285933045,421.90592000999413,6762.845986630067
ID193,A,3001.058923106166,382.56281747168026,9348.99100964567
ID649,A,2473.197281656464,383.89960441923625,7846.112514815075
ID627,B,2390.4689514682336,389.69372609077834,7541.338441958707
ID158,A,2026.5703670185092,413.6012867262126,6796.71664952542
ID319,A,3145.532905092123,403.3365707147287,9588.24886596994
ID764,C,2108.110441430873,438.32173638894955,608.3442193493067
ID161,A,2409.414732530511,384.5199858381914,7941.153662596543
ID203,B,2382.731729067889,420.65921933835045,7194.392371293812
ID693,B,2070.3468643472147,423.5739842620994,7127.830629412002
ID264,C,2675.0118384358298,373.9498268451669,244.54435878426966
ID509,C,3117.5280507208563,424.74950489713285,-119.53604714760922
ID305,C,3052.7199326040827,413.58907581106797,11.261087900353687
ID662,A,2445.5964411071604,407.5296520820194,8150.997918739578
ID121,C,2661.107879542397,399.50811843125064,-112.04411879692998
ID721,B,2449.7068458823856,419.0760166815926,7424.45670574512
ID692,A,2324.8426882228277,385.42774741522726,7060.305133111401
ID405,C,2630.886444713136,398.04176447084325,-285.8576640102974
ID380,C,2484.5370328703602,387.00027451602756,302.91519311835054
ID371,C,2417.4989710190125,411.1708252358638,1093.784173726733
ID168,A,2718.0893921296683,408.40655786460064,8554.229479071575
ID541,C,2494.25841861911,406.05223022792865,813.8527328682712
ID641,C,2720.6377039988233,371.0030137234561,-77.09752638837062
ID382,A,1623.784038643435,381.23208130621106,5784.690409449104
ID683,B,2379.8820953402937,425.6180195413533,7145.816903317571
ID883,C,2571.0472308971225,371.58884669507285,630.0047208001015
ID733,A,2433.2778123377375,399.82976852150557,7532.742194752858
ID823,A,2208.060747424387,407.2215614329458,7112.232269599188
ID766,B,2828.5381681040935,403.972192039728,7997.594073894017
ID571,C,2314.0497010228737,407.35920696086424,685.1850098473776
ID222,C,2642.1522311913404,395.33018985066775,273.90236653408465
ID788,B,2045.1239574833505,398.4840526924155,6009.916606285358
ID128,A,1994.858794195117,410.8581165414398,6043.535606782765
ID233,B,2500.994832049281,433.7055356238847,7010.640837886275
ID590,A,2546.4345637733577,389.2193776435728,7982.792895466114
ID402,A,2613.0907415895836,392.58602842704664,8072.187423545287
ID163,B,2494.637483284447,397.56997115208276,7231.14033921193
ID136,A,3143.1783077024966,386.0327697640039,10477.950781786105
ID318,A,2971.927328722575,403.48665350973647,9541.358099089113
ID798,C,2726.1956047936446,384.457947451802,437.2165029325661
ID270,B,2473.5123212820695,392.93148552627787,7504.624516491815
ID867,B,2396.9048247219957,376.29144685225197,7729.781487609184
ID808,C,2416.7482706689048,410.7682062535718,713.2397068881919
ID667,C,3134.205747732742,403.47144041685317,-380.2611043444049
ID139,B,2213.9969636940896,393.90609205545155,7031.400481722872
ID363,A,2795.4886485504057,403.1249952315575,9083.84965284521
ID368,C,2167.797664937827,424.8071794858344,588.1989710835885
ID297,A,2313.538391197675,414.54666462687095,7481.770849951409
ID799,C,2680.3856770880902,390.2457515470942,606.4566452204476
ID521,A,2259.1108387749855,383.96083278507285,7704.165488486081
ID803,A,2604.2487037158353,405.4479245415249,8837.969457640736
ID563,B,2837.496906011149,403.7232112277534,7848.16882932205
ID583,C,1867.0521547172054,402.65631218531223,1121.653758315409
ID105,C,3207.71416400743,416.89320182714374,-488.78377234117306
ID532,B,2986.6617707835894,399.0902007229713,8340.960994987166
ID450,C,2639.930949623989,399.1815414065824,187.53088123173484
ID384,C,2690.2902293813463,390.4193741591167,126.49200729416816
ID516,C,2776.0764167249777,404.5576555586841,-223.69923369399294
ID266,B,2470.6233519984407,388.44785860198965,7754.074830545057
ID395,A,2660.707101650515,420.4873308831061,8089.41708181376
ID536,C,2404.654978207936,407.29219497205344,211.09950538058592
ID498,A,2347.4789207531753,422.45462754730505,7164.642384855851
ID191,C,2158.8681300827416,388.39955686395297,562.3711835688787
ID897,C,2018.9876281055917,412.9758373450937,827.8119889117806
ID508,A,2608.427762726382,425.99145061754353,8461.781165804905
ID630,B,1923.0710889383975,378.7591249084595,6449.262853567754
ID787,B,2191.3533147301787,411.5714535662353,6231.575492431244
ID370,B,2623.432339904106,398.2085265745309,8200.59833123498
ID753,C,2197.968531044193,395.05656381062244,689.3460938620403
ID106,B,2551.480918678486,425.71933863225894,7657.4562231314885
ID393,C,2325.731085102648,400.98000624933934,604.1838736926309
ID216,C,2211.6965704690815,402.0039365640609,695.6263601899104
ID659,A,2347.9175539386947,396.6615751524502,7793.19279109184
ID482,B,2338.6261773916376,406.7266680057264,7232.773400337857
ID301,C,2794.207429514719,406.45873676812585,289.6826014005346
ID404,B,2919.823882283014,411.95114038107965,8482.182705207211
ID593,C,2207.0968766305105,401.00077584441317,954.6944587364683
ID801,C,2760.215989807344,397.17100420043136,471.68700778660104
ID548,C,2483.247973951623,409.7744326731078,583.1925834451472
ID413,A,2007.1733840297734,405.7303640135182,6696.082413093238
ID545,C,2348.8186760788476,404.85379499144045,802.8160443143481
ID852,A,2863.185464347089,417.5546309619289,8602.325644204193
ID804,A,2744.448469889618,414.8180213140281,8548.169945644333
ID665,A,2295.742441820339,406.352110635096,7538.301798627956
ID560,B,2905.1361399776406,385.3935649713976,8578.861707136486
ID325,A,1986.069023720519,400.0093793999452,6119.331278314361
ID589,A,2880.825586321716,408.73944311896065,9158.635026086853
ID240,A,2291.0398017123225,393.3543905304629,7560.827133492579
ID696,A,2379.163054106972,399.74661337460066,8214.423258739085
ID228,B,2839.187159783034,424.46549381785604,8235.728395257254
ID300,A,2646.1846943192813,384.9401397822153,8596.661990731898
ID230,C,2586.6880095626148,411.78555663380615,279.0073574140283
ID731,B,2386.523555296319,395.86130449131144,6883.111976879602
ID578,A,2311.2745455412614,393.697582041967,7489.635582771334
ID724,B,2842.927313323719,407.869500926619,8622.69427882527
ID454,C,2436.097416341018,396.09302661656255,250.46107767311764
ID642,C,2402.4785600377754,406.2909971939287,464.3557962164548
ID869,A,2526.6210648182555,388.31945067852206,8130.8352140303905
ID231,B,2644.511839884465,418.0245132533082,8381.463617276135
ID670,C,2391.7509914395023,416.2665522658145,655.7143558794005
ID624,B,2332.4043627566,414.6414640345166,7052.0255032852365
ID537,A,2739.555145461958,396.02324728377044,8839.635257297738
ID249,A,2206.2166503818958,414.64235788516066,6972.610060046011
ID845,B,2629.81544065033,401.4821619055863,7995.019239552693
ID469,B,2436.067596399257,391.1565701621476,7433.180519319898
ID468,A,2579.084380703681,388.016665058263,8063.909803379431
ID244,C,2957.077277619269,413.0630993007512,296.6297646704488
ID585,C,2238.386015823342,394.84189611898114,938.7319759865461
ID304,B,2268.5316507798393,415.9899807462087,7291.519155795971
ID704,C,2699.063081862313,397.29240883666546,-254.27195052076672
ID863,B,2246.9051571278324,417.5081788489728,7095.691009407961
ID410,B,2586.4124630599067,393.94455221642255,7694.926035899203
ID324,C,2062.2954875254004,358.5999954611382,611.395547551029
ID857,C,2787.8568565475007,395.82505625834756,476.2255203108016
ID381,C,2732.3447287083804,380.56070317918164,273.7293658673216
ID298,A,2756.812306606298,402.1722268797684,9225.928457704396
ID574,B,2535.8094620638635,395.96889135816366,7260.0024217102255
ID265,B,2503.3252606676565,410.26792008794314,7601.970458574507
ID481,B,2567.4288679211218,406.6479639634481,7698.794296581226
ID618,A,2596.911499931861,395.91032562534014,8385.208208315138
ID595,A,2546.079076620503,375.0707735479429,8008.152504691518
ID278,B,2525.592666322077,373.32316913711276,7465.690361093284
ID666,A,2341.5429453901397,382.3239299119748,7969.795631361869
ID479,B,2363.662268787807,388.4841929280103,7619.432023156991
ID286,A,2763.337748089739,390.62658296439275,8118.097715193579
ID524,B,2325.3197415114155,408.5246558887402,6843.687408176059
ID201,B,2627.116516250174,392.231816374045,7553.677328205568
ID334,C,1901.8371128723447,389.19251137973095,1502.4034382036634
ID506,C,2404.9729428340297,385.62585223976976,216.27099418187527
ID848,C,2706.048151109687,418.9506892504578,-6.815106752290831
ID751,B,2292.7580677566257,400.9599292910449,7415.313113613908
ID669,C,2330.7553345552847,388.0142182706969,104.88515155417463
ID544,C,2783.270303071333,393.84450191138365,187.40425250979388
ID626,B,2040.7773303975534,391.6628417063042,6432.7574821658945
ID875,B,1957.8988713680478,375.1482642189993,6463.02093341004
ID346,B,2226.5369708367634,403.8893457230579,7384.988238973256
ID287,B,2411.809629608672,389.7738437587956,7580.35097739099
ID187,A,2456.6604289336465,395.01831677754126,7339.169184630493
ID722,A,3211.5725386693975,415.1579244793121,9857.143724604222
ID441,A,2226.0978475472043,398.5082687348756,7250.68821497942
ID587,B,3025.7290727788168,415.0319093412153,8829.353081050047
ID664,C,2253.3655239207224,362.4410142559814,369.98060439992787
ID307,C,2369.496099987323,421.5584690082604,383.20082966230416
ID269,A,2677.5634541219747,430.9218457542085,8498.681772950364
ID251,C,2656.716240818453,385.7714156733743,120.26983270470282
ID546,A,2036.2020296666972,411.162386486709,6121.657904681266
ID604,A,2222.5836037470094,390.9149293878382,7245.540340513487
ID394,B,1702.5378852075878,380.9399325481248,5917.75696401226
ID694,B,1866.0217998765434,431.8248984673645,6220.519705339199
ID126,C,2289.480312358261,388.4227153188981,497.1615259495902
ID836,B,2480.5894658832135,410.2772520027228,6923.692609599895
ID400,B,2111.684787726098,398.15810580734393,6328.51564968341
ID433,A,2608.770296483278,411.53160789014356,8990.529373293997
ID383,A,2826.35017929516,373.8635648509442,9036.179868571382
ID769,B,2553.8897907648848,386.0241374729885,7859.563399517091
ID375,A,3043.6452673000745,387.4536302474428,9783.196467460315
ID336,A,2082.6513632254146,411.0692763270899,6705.173492288652
ID838,B,2420.942329592811,402.40572170530754,6919.566954324431
ID114,B,2366.8875045693344,394.69366440051965,7045.910505059844
ID755,B,2516.0474883310453,411.5431134009374,7556.909965759896
ID607,B,2417.4179453474335,407.02304211398047,7222.595449742568
ID812,C,2432.136635767938,386.6621482839698,530.2043611359084
ID160,C,2470.80576050116,398.44600887090627,1062.0393553826102
ID861,C,2587.671130549651,443.2516073681069,297.2295553269241
ID279,A,2250.1448726866056,403.2700209842274,7417.221508181787
ID173,B,2689.147324158297,412.8171958700134,7787.171050539267
ID706,C,2844.57441435831,394.29055875091575,69.66793428872052
ID242,A,3028.8575983025157,400.93498843085,9684.228295935172
ID341,A,2355.7459477837533,401.1108494693053,7899.11410359333
ID526,C,2667.366813951257,437.1266325080353,398.47525634437216
ID540,B,2647.8822072018274,397.92972271581743,7355.620750563072
ID421,C,2382.8540699112627,401.2696666285896,1084.9163759464427
ID565,C,2893.0122662941576,402.83474549780044,129.41523591768782
ID725,C,1708.522213412338,389.9870356182325,1249.00207640166
ID783,C,2171.435515824359,374.41733501122576,755.4111450138523
ID503,C,2620.432453467453,397.08992416806547,-22.61049772724664
ID854,C,3051.9000937006977,414.04571590687783,-760.5002448067901
ID840,C,2896.8894850988045,405.1463272768347,-408.45984440282064
ID367,B,2657.631335217898,384.6091440408646,7696.453424214247
ID647,C,1936.3831741247045,422.5336909886523,799.6998547726553
ID789,A,2963.985831403294,403.9046122680375,9506.401540341165
ID711,C,2762.7488465715965,391.00224394350016,-786.6440116433723
ID573,A,2158.3739830569266,380.7331248889912,7021.470552112525
ID116,A,2213.822440758767,416.7524095523403,7341.022830923737
ID613,B,2745.7959974877863,418.3056030566627,7840.881090151177
ID598,A,2331.5232328363613,382.24332781211797,7511.473374534176
ID467,C,2450.911236401186,417.72215140725456,180.3526828325828
ID866,B,2458.7165802460713,399.5204058072317,7422.017017595299
ID542,A,2062.44058562631,395.57752304597324,6809.977535845663
ID608,C,2299.4308340036996,399.78347283028756,1007.6591611073152
ID513,A,2816.9358200944057,403.923018264207,9034.097706923014
ID397,B,2588.584631691073,399.31358544782057,8967.379111522661
ID811,B,2714.4380345122,402.24644072768456,7666.222051771045
ID614,B,2908.70451160845,412.796179611528,7953.167919763096
ID673,C,2512.234417712303,405.6845368645347,316.7808875415267
ID351,A,2761.145199183319,403.77677119295396,8369.612006806085
ID871,C,2002.6759394483067,408.2775639014252,1197.8193484095882
ID418,A,2834.911808107225,381.1731167079986,9010.428146090828
ID543,B,2687.754875364663,398.79154548131913,8214.041197135011
ID660,C,2678.9122140011787,403.6502060272869,343.19048172339717
ID328,A,2360.227490756389,395.01469852761977,7640.102255415764
ID103,B,2195.808741882642,401.1404878683253,6777.6201575315135
ID686,A,2610.348053721953,403.460296691381,8557.983857207366
ID557,A,2286.992027287395,402.0638683367314,7075.191678766672
ID889,A,2334.096332362314,383.9753197626565,7047.385850854134
ID322,C,2346.972325938888,381.1387900189986,811.0969952010739
ID312,B,2659.925506098253,389.7013835608991,7988.925133255705
ID464,C,2302.4540702400145,411.7785458694459,835.3137192609981
ID446,C,2442.3326846580044,429.63023940081035,637.8929669837808
ID431,C,2961.8290772286973,388.67792018141824,-358.19854368392544
ID294,C,2855.3426349034253,376.6541052564516,309.69766755692854
ID332,C,3209.6952407462272,371.5325583159345,-400.1981448144352
ID348,B,3319.748329643962,404.9428852380842,9011.298130809762
ID609,B,2666.7358540929076,400.98432690905724,7765.296086580658
ID412,A,2081.9881414213723,396.7820457768995,7216.456142650994
ID611,C,3048.06829128608,395.5027074517436,-80.98446534012874
ID219,B,2333.1542783993323,383.08515215457226,6478.066041102666
ID171,C,2274.332672382248,403.28731181321757,-36.87122328714622
ID834,A,3480.305619783201,405.9718117598731,10766.368381031089
ID688,C,2310.1408103519943,388.57714192502397,777.8729746073345
ID392,A,2125.9924362802262,395.7637342670989,6984.961419994765
ID182,B,2695.853485077484,393.9371579166404,7939.1865391588635
ID597,C,2366.3313350175968,376.2854081157364,-375.1954447762648
ID465,C,2629.314530063749,417.4932572383651,309.57129679124455
ID713,B,2737.403082264133,392.4736905445941,7634.745889525382
ID377,A,2488.5626119639874,367.8044845695068,8390.007530478963
ID256,B,2049.13708572884,395.56628835230936,6683.246237870665
ID856,B,2296.427032182291,413.11231625052454,6911.553090812798
ID514,A,2551.3816264000434,389.68590684587446,8738.977297407488
ID653,A,2504.838122511864,393.9164042965706,7897.40865475049
ID210,B,2381.0859689859312,406.20646380494924,7668.051722560147
ID350,A,2838.367773880291,413.8318253264882,9306.525695375465
ID217,C,2263.36327976915,405.7219651518868,1174.0840491354215
ID146,C,2978.221823195311,387.9547360337478,40.08840654454161
ID234,A,2611.183254088628,370.1204244794311,8423.590656905497
ID462,C,2910.185920182683,418.37474904895726,-421.6202960644391
ID444,C,2012.9697078949453,406.5981219116134,389.8114611017652
ID440,B,3171.4735455949276,415.89336677324934,8680.398320212305
ID625,C,2382.16713695637,396.9393950541563,486.30774778765135
ID505,C,3037.23720550111,424.0973771920228,-122.43134028686518
ID115,C,2696.74649684499,391.1116517839204,-71.0623346291236
ID658,C,3034.1358312372745,425.6489619556664,57.878051709115425
ID507,C,2629.6461954107767,405.62471563212796,-38.033987865457675
ID894,B,2317.6789280890184,426.1067841034433,7112.985598651798
ID599,B,2883.5137153871865,419.59008293696337,8123.921177955821
ID874,C,2276.217980195195,388.3612815956906,608.7515692848235
ID635,B,2452.7512745763565,416.68080878567963,7594.1233298294865
ID443,A,1952.7068398862252,396.8829348314596,6134.425338847008
ID355,B,2341.511718170992,389.11729054686015,6963.475482096368
ID797,C,2226.5566036990595,395.76244410791,493.125473057999
ID572,C,2437.260900219744,393.3251308824141,295.5320441599929
ID745,B,2281.5492779326682,372.0661273302277,7220.206390159958
ID586,A,2626.2613864831937,416.5299692807269,8326.746697254099
ID656,B,2113.05578924977,386.4482371142827,6027.694184630407
ID837,C,2499.893228880786,402.23087817943957,585.3696687926649
ID767,B,2801.406550923451,403.49353057167315,8351.212220088799
ID651,A,2377.108176771913,431.6091580400429,7467.006756668175
ID582,C,2311.7175830752253,416.58608771480255,409.855441359392
ID770,A,2383.0409546841247,408.0513787839784,7533.111387338169
ID888,B,1993.8889200583867,389.6003792006894,6572.575748151807
ID215,C,2074.627251926463,382.8369856653081,1092.596421383907
ID723,A,2701.537186905087,405.4011420249114,9227.11705403525
ID784,B,2603.2371188222255,407.4445653230396,7898.290817719526
ID610,B,2928.6156509583584,396.50244242299544,7736.9139179637195
ID887,A,1935.6226856628405,397.98933898927663,6657.132498612824
ID232,B,2790.000875712939,399.8719826980653,8847.435055770216
ID530,A,2974.794156430022,377.23570024972815,9676.347654570927
ID493,C,2303.726334964949,401.62491585942587,556.8134558725092
ID271,C,2229.896245113978,429.4292121059402,787.7576032578031
ID291,A,2318.7810344872482,387.12198920044636,7738.09070398107
ID646,C,2430.44363153138,393.00310598663157,647.4270792946259
ID792,B,2404.808458126919,379.98113350637243,6741.9343815125185
ID623,C,2636.9775624522863,396.53518019255034,461.51118489395867
ID588,C,2559.454269272448,395.2507855383414,145.27477923792503
ID241,A,2427.5096665222213,395.089201563702,7994.464841228546
ID281,B,2712.7020971881693,387.041192269091,7923.2895272320075
ID414,A,2208.408620603384,393.8201480298311,7189.657180459773
ID376,A,2468.9333752221764,393.29107562727216,7951.0461971424165
ID519,B,2155.138980231031,409.2833044295025,6850.353128464029
ID343,A,2502.8309196080177,422.8469897055157,7812.983126441504
ID795,C,2329.016793095817,390.05834465211393,34.96086391653603
ID785,A,2407.9439096719134,374.08011474099413,8741.466204829187
ID452,C,2658.752918817587,403.9674904541391,251.9866475137651
ID822,A,2058.7263647075724,418.9551228594551,7094.454846402799
ID172,C,2761.9427664769637,400.33489867036735,-84.00453329856464
ID831,C,2406.500596885325,402.86482994215413,810.3400405845534
ID166,C,2223.7567188045277,387.4955401152748,1056.4007729645045
ID484,B,2311.6058733981845,401.88686848625304,7145.370667472647
ID681,B,2296.5993556505364,419.43826526704777,7516.516942125335
ID170,B,1999.327301504089,417.4393299772772,6489.765987905621
ID213,C,2441.2587752345316,412.59983373504184,331.247957955585
ID638,C,2552.0887326035336,383.1524618241446,561.8303333575805
ID773,B,2601.6041958732676,383.80154887460463,7609.459551317808
ID621,A,2916.490386722819,405.92056137752064,8986.928935328116
ID303,A,2435.6512306978525,396.0899908315659,8015.04899939749
ID276,A,2298.625534180607,389.98733281463507,7361.763253182337
ID200,A,2380.6657754920216,416.7339184839203,7483.458118538607
ID292,A,2214.8602118590443,395.24371612561856,7342.125171685962
ID791,B,2270.3961907576454,404.3007147646357,7553.235804613434
ID772,B,2010.741738272292,401.3333568851892,6300.773087348982
ID275,B,2562.605352042176,396.8574287021179,7220.535152131688
ID631,C,2179.6766363648885,419.52724097777684,1007.6188168013391
ID732,A,2518.2275322824394,412.4382874253755,8098.660271502926
ID771,A,2328.5573878241908,406.7854844670553,6818.760774031738
ID407,A,2250.92610556144,392.90030810659664,7301.01656341792
ID435,A,2212.6383246360438,405.5291385202567,7142.187708833977
ID157,C,2817.244441490875,391.79484274753315,-167.73650816646023
ID374,A,2294.859181154211,394.1476372471476,7415.880178420724
ID353,C,2031.4864862372674,419.11411212436633,887.9240975092339
ID730,A,2209.3326603255173,406.9265620745223,6843.402661423186
ID828,B,2577.5595020649735,382.74044009692346,7841.681558996646
ID860,C,2419.908133699047,395.7866944654759,664.073904303574
ID255,B,2029.4285501683926,430.16619555592564,6477.201756227991
ID779,C,2320.423227581531,407.1794670493091,897.9884005486556
ID720,C,1911.9891041478145,400.8439266241537,914.3848594348385
ID747,B,2678.5652625918156,402.57202954760754,7638.200810126706
ID555,B,3153.0297264117,390.6184523643444,8102.039108527382
ID283,A,2164.194381276191,416.58453172679134,7081.737231436359
ID622,C,3277.689524125319,390.8887077554285,-289.1218007788316
ID415,B,2709.79706053472,389.7219386767129,7822.50375439563
ID864,B,2338.367238124478,410.54008015548703,7205.763694652762
ID357,A,2573.9162794351705,391.84191129471617,8652.459889192063
ID196,A,2486.2085107093103,392.22745407951993,8191.163486412388
ID311,C,2333.3125201833955,404.56016180606304,1090.593757880891
ID406,B,2271.5328120402146,398.2820989153482,7071.167653781887
ID330,C,2134.621156250123,422.88648391582257,897.9106940118938
ID825,C,2144.851894242439,432.2843436166597,666.20162254189
ID636,B,2262.4376096465726,407.62758733864416,7526.012243576677
ID323,A,2332.088086483772,385.19987610168204,7509.18751782431
ID101,A,2903.2843652803126,405.5931619202794,9310.699002760466
ID810,B,2767.604108711825,416.56803577114226,8269.368056670028
ID453,B,2021.174028255132,409.8350696041219,6923.06983672582
ID143,C,2496.9174300194218,398.71989112419976,273.5059056134637
ID675,A,2439.2458832237394,397.20267645976617,7714.58767141297
ID110,B,2621.8232547402963,412.2471577030662,7511.826442911665
ID793,A,2392.3724698768324,402.6878981462454,7748.341918089211
ID807,A,2197.2214567765864,393.3397259915848,6933.106411533638
ID768,B,2997.1642246380347,384.16370705860993,8349.19119080986
ID603,C,2573.7555898840906,447.31471945881447,922.347397074383
ID687,C,2692.4949902383455,416.0569592837434,750.430346486643
ID178,B,2479.264731494796,422.4420409820155,7950.02735440962
ID485,C,2701.9406686628495,397.3787278788346,209.7870925002917
ID138,A,2575.5824704885554,403.0049714637475,8426.354045091304
ID551,B,2492.7974490216848,401.23038851283866,7196.58243938592
ID778,C,2479.3823716609854,405.6145623249842,175.39781169416256
ID147,B,2672.911374887139,387.4928644602051,8362.759411797992
ID695,B,3196.6616748838783,415.3507370988619,8749.381551170209
ID842,A,2675.776272873366,407.74977086973877,8364.426124148187
ID580,C,2107.307239964298,399.2720416092151,694.3985801387294
ID149,C,2977.752024830653,433.91927860403047,-15.675227687331699
ID354,A,2419.571069754786,405.4148216189369,8718.08054587288
ID569,C,2621.9128833984623,425.75114682097853,80.2613815380164
ID564,C,2802.9110665032886,405.8160569642212,-5.984310935996291
ID473,C,2754.946941183878,408.4796890797455,-223.7107541182604
ID461,A,2300.578379901599,410.7736419308261,7252.783025463337
ID758,C,3081.8087491119695,375.59732010068115,-492.09005286980573
ID533,B,2070.1872811924377,416.48995560880707,6316.815813605983
ID629,A,1568.3568716369268,370.71650194384716,5943.495608504336
ID417,A,2285.631518588459,383.7257391008997,7442.565897149894
ID296,B,2497.0638430847607,398.3173924306841,6885.88037998081
ID327,C,2604.137825044119,393.3409338338444,425.4109673867074
ID458,C,2057.3699275748477,394.7651438170023,619.1580059224989
ID329,B,2887.7313182821413,384.2260229076476,8365.56109639109
ID420,B,2848.6838229219234,396.52288187362603,8045.821491838745
ID752,B,2837.2213106114054,387.8460684938134,8251.656394288699
ID677,A,2657.273213531819,412.54171494989214,8327.156776530595
ID486,B,2687.275281924134,390.49160987778043,7869.008093681717
ID289,B,2735.6585445582946,407.2556107527325,7201.803055565733
ID819,A,2533.212425601362,387.3246251775201,8409.263293211121
ID830,C,3033.55128085597,431.15395415404515,-547.3257069069591
ID527,A,2524.9294898599474,394.04408124356706,8274.05119227247
ID858,C,2466.0524532925074,403.6222948701297,562.0677501996424
ID153,C,2703.97315128517,408.3496516103464,35.23115899741106
ID899,A,2250.2659800852766,391.12396253326153,7427.52231159813
ID246,A,2698.3991899240086,409.2050979817015,8175.43987104338
ID243,B,2410.1658839215133,388.46505214143815,7489.414279369459
ID570,B,2319.5603333468894,415.35668049938346,7664.910370780681
ID562,B,2606.3474415597448,398.1208930137804,7039.5783145086025
ID478,A,1940.6172624329315,419.03208042944664,6163.335508696279
ID663,A,2244.954749849641,399.25447371477514,7024.429743790259
ID302,B,2812.2000383006407,404.28932592936064,8172.284088776091
ID617,C,2418.548056739929,395.48232377149503,680.6556956350428
ID591,B,1952.2497601775908,351.1044941381746,6334.902487637362
ID717,C,2609.1717589451046,410.1271900331018,583.2205634405591
ID500,B,2590.220205426256,409.9682493732172,7693.767556136352
ID645,B,2629.8937416177714,390.3462408317555,8223.600733068168
ID531,C,2316.802300480908,401.7327923895772,732.5137412513122
ID190,C,2323.696287250279,405.64013841995217,605.7554396017263
ID727,A,1957.3683521522378,395.363815725961,6175.899144907371
ID876,C,2200.0221211493454,424.79025234503877,680.0398335492741
ID248,A,2468.518303148463,430.13355698144085,7681.8536313457935
ID685,A,2268.3733162476037,399.8185814791622,7106.036211379611
ID398,B,2286.6073437304526,407.422597637601,7010.591984896422
ID691,C,2835.902914401111,403.70658722056334,259.0144097587945
ID847,C,2026.5059078355498,399.166098064984,742.1160485575406
ID895,A,2865.715088313841,404.133573786898,8784.804197592342
ID501,C,2433.7924958740314,385.77922135809223,744.0664910168825
ID714,B,2324.4214781663036,403.3251865402131,6822.80189343739
ID737,B,2200.3443814717907,422.7118206141102,6614.705988035415
ID594,A,2216.0218391340027,402.5321668462326,6887.742674964903
ID365,C,2666.226356640277,387.25933148136824,-162.84946785182865
ID427,C,2856.3321693834237,404.99172189405147,169.15147766254404
ID782,C,2442.934090501766,394.1100654999933,621.646540927688
ID716,A,2572.0074981237844,416.3567987924729,8407.683389847989
ID344,A,2749.3295128101395,413.0506647763248,8914.333307334487
ID715,C,2149.818025251827,402.3648754223518,809.4940111208534
ID824,C,2528.420321670404,429.55222510694165,812.5217380934514
ID144,B,2121.8625542718887,388.09522100490796,6485.123345765707
ID806,A,1981.0218742213028,378.54517198754615,6114.363419283602
ID263,A,2798.2136942951674,421.3111695285185,8751.46284239234
ID293,B,2918.832789462795,407.0561194835355,8076.319854900144
ID832,A,2999.4536075187266,415.25027862836,9892.110389020288
ID451,B,2430.537987374012,382.9047499230666,7717.184513954104
ID776,C,2680.2028138893256,391.0011502075658,-79.64565370466835
ID475,A,2464.3989626542734,405.72000368779294,8109.36103533688
ID238,C,2232.9600476946757,379.64003780451736,348.4446724609297
ID456,C,2480.9333842719902,412.6822607995374,781.9364894500536
ID553,A,3067.6408636865776,421.58887691621754,9524.663050932128
ID833,A,2323.2281830780857,427.4116699183407,7919.828491975856
ID671,A,2720.395420213782,389.2666753590006,8863.689311952301
ID205,A,2041.2851473573294,418.737613149876,5754.789677442065
ID140,C,2426.7657182574208,379.20030255564234,981.7853654767582
ID463,B,2191.651565674465,395.5240907901086,7145.117081693922
ID851,B,3016.826221583793,406.72082324583545,8220.289764741416
ID362,B,2352.4391386350744,389.25346019447795,7598.96952041727
ID282,A,2470.8391281171084,407.83096599250155,7697.77984346978
ID504,C,2377.762324494944,394.74283626660133,1041.6643632988785
ID295,B,2423.089287500634,430.53484003803976,7148.320911393649
ID637,C,2756.6116789565604,391.847107327304,463.59670539571516
ID877,B,2727.4739575121534,376.0710675177344,8013.482105468542
ID841,C,2205.4944354086547,398.2577234506427,993.8613075327705
ID223,B,2152.5181954313466,408.9223030143534,7522.38279282666
ID802,A,2439.0524325617807,368.99495742538153,8058.240381257174
ID245,C,2328.4232592441226,411.45325748846614,487.6489282900143
ID445,C,2176.2212287225007,427.6906771273842,739.6334612645928
ID741,C,2363.358257618454,419.9371062291187,837.9474487231089
ID299,A,2310.089090298433,409.85343939600835,7591.79960599328
ID457,B,3178.0905280045454,393.8478190157923,9264.839945960242
ID529,A,2576.0845749816094,391.7063393413463,8425.634138065237
ID620,B,3011.8208798592455,375.7435328990732,8691.31373751281
ID183,A,2011.350070638672,414.755181434324,7210.752895110625
ID211,A,2244.784246235837,380.29147587383,7663.5431816237815
ID577,C,2669.950405545931,398.0243862291051,-67.32161612009895
ID643,C,2291.243656475299,410.28307910928066,305.48874360166883
ID568,C,2272.040698971074,405.51866591973373,1274.23162065007
ID805,A,2737.0874602914096,401.4406092382408,8155.033990506496
ID672,B,2296.1519103058845,396.3084209870957,7597.693512409511
ID342,C,2976.2287874691283,416.5534889131328,-172.88183508831844
ID390,C,2546.2168415803103,377.0435010927701,384.1253533591712
ID648,C,2111.4044325941904,416.1455586564472,955.1212904177264
ID891,B,2061.1968013540745,387.8782152430569,6512.894691533867
ID229,C,2503.6331855899,407.6173544717909,629.9709089227035
ID470,A,2671.9232179049704,389.17583457888895,8625.41803156846
ID749,A,2501.4290504502255,399.8888797984357,7962.219683752258
ID113,B,2507.389127687487,413.28421949860325,7945.0655451095645
ID661,A,2726.5287347047365,415.1480969215698,8830.243950481938
ID879,B,2397.722442616928,398.39656830449024,7305.843775141826
ID678,B,2379.2646567210086,405.0380320765973,7374.616323201552
ID615,A,2558.5960825219136,417.0740359223728,8251.187284522646
ID552,B,2785.471354569755,388.6451519881326,7835.057036338201
ID439,C,2677.0009076273927,400.53915100930493,638.403022235223
ID448,B,2647.7166020699406,391.9108068882978,8232.463547587757
ID859,A,3088.4873752224867,378.94438953272066,10056.815776282081
ID150,B,2638.6543052075176,396.35709300724983,8074.152568124004
ID601,C,2764.3357710111204,409.18370935226955,672.8622594379744
ID148,B,3036.9222969782236,390.87320795023726,8645.434464428174
ID796,B,2281.8260429985926,375.213538926449,7596.137564515417
ID199,B,2521.134226864024,397.3086078886314,7065.56086485945
ID225,A,2348.7573364950945,403.692352159469,7175.297119458106
ID314,B,2125.408423762558,395.7219950976481,6756.717824122134
ID120,C,2604.1669605840957,403.4036344935248,159.06459797935258
ID729,A,2295.4023640115156,418.01517714067,7299.884495886822
ID709,A,2266.456217860493,378.69037288657296,6866.39123009017
ID372,C,2236.6394057173197,434.9156066726069,746.9956291476742
ID510,C,2521.4521001686653,419.1130474657693,1147.3949283620505
ID449,A,2826.6325788048935,380.1713013058116,8532.835481456226
ID679,B,2564.3371874309137,366.90954503224555,7535.918636168133
ID250,C,2819.843781693541,401.30195257089105,-107.61327702331846
ID703,A,2692.330606453156,408.40010981254164,8937.06415834392
ID846,C,2933.2245555420454,406.3357546976774,11.018271232212555
ID886,A,3066.495351259805,419.1919362849436,9504.404162415798
ID235,B,1955.3744671334803,420.44057938337806,6263.132799692698
ID890,C,1868.045129066364,395.7665470307208,650.3280564444083
ID762,A,2529.4081690217263,389.1512800024898,8422.860160294915
ID786,C,2270.467563270382,417.8626068919367,766.3138312232209
ID880,A,2564.983145335628,420.49951058336535,7464.917912395947
ID850,B,2463.5847816909118,372.4622528509292,7202.068232640644
ID202,A,2797.1986798864004,408.05617886115215,9290.40842479825
ID520,A,2299.9257040508332,407.1011935595518,7603.642354915015
ID881,A,1933.1847479598323,416.1466562045823,6605.887155063237
ID237,A,2808.3170702046873,429.46750509781816,8829.631239938823
ID700,A,2893.2952523780764,392.5982596702638,9177.230331254923
ID517,C,2931.0917863436607,375.9124978723105,-462.7382456113087
ID109,B,2638.343991145079,441.68783209919985,7712.479979375689
ID326,B,2624.408467904682,408.66634382638085,7746.39175659863
ID436,C,2508.006104586345,380.08825249300446,359.3196968615962
ID760,A,2672.1979682608508,387.9708839256763,8992.094531722374
ID252,B,2403.684119591826,396.1909177159605,7302.553101851529
ID821,A,2332.24541367834,383.09908146311506,7824.391655654699
ID896,B,2616.7348947632136,415.0422023038593,7945.327513481742
ID373,C,2407.254228952487,408.27124441579303,669.4068176677868
ID472,B,2133.5700306105305,387.51011214993326,7045.038972230825
ID186,B,1714.4563415822668,382.6967090351558,5727.85891580723
ID815,C,2758.790926295592,412.62846352956325,-63.12388664102673
ID719,A,2136.595621618609,398.49098724671194,6968.352914483271
ID352,B,2842.0622059030266,421.02075754434003,8515.097847141977
ID826,C,2995.153574669528,400.5774409085685,165.85796614006085
ID145,B,2027.5946105862722,392.444092647884,6589.488822535668
ID680,B,2725.109404167217,381.51706028774066,7989.933521942181
ID756,C,2742.918575072959,405.6131762822281,-31.907203298770128
ID575,A,2687.1169882008626,400.758970065976,8784.688292315153
ID515,C,1947.9713956976352,396.79508572168686,554.552012509534
ID155,A,2206.4780703888973,421.1421897146941,6980.029576684951
ID844,B,2922.47542844686,367.3637617243559,8257.18284843343
ID491,C,3039.2586108213463,421.38134237627287,-18.51736522243982
ID754,B,2812.9194728216544,416.80148463382375,7865.626037010435
ID561,C,2810.5121020421852,407.19704262897886,-87.71424813340445
ID423,A,2454.841741475039,369.29651839918506,7991.384556381545
ID389,C,2416.848209915193,396.6899292453063,374.7245397565307
ID684,C,2828.835589651606,368.81142335509924,-301.43365871165133
ID480,C,2093.861537976488,403.3813679415945,1058.795384487014
ID188,C,2302.1109146328236,407.4083457601118,645.1744337668911
ID800,A,2322.91320240717,406.60174343267465,7221.062520422056
ID817,C,2324.2001047817434,386.4809209433677,838.327096813742
ID781,B,2015.8276600434917,379.5221356193459,6414.74090510156
ID335,B,2814.8908275135987,381.5828032438197,8341.334511804234
ID744,C,2454.010410531432,397.1721974662805,398.6560774708828
ID339,B,2067.4441431275936,392.65868184449675,6378.078112448487
ID868,A,2628.936313215974,385.48045542268824,7770.585921602662
ID702,B,2863.216058506935,389.93533738617197,7871.468994289701
ID579,A,2535.303846714808,399.41437812415285,7409.906258498084
ID135,A,2264.758841926513,398.0825688304412,7496.529065423327
ID750,C,2606.876265095677,408.5407397337061,572.2772105121935
ID523,A,2410.4756888066695,392.18576621421727,7188.671637996681
ID102,C,2349.4115222164123,409.71094057364326,579.530303847997
ID652,B,2331.174370892822,397.3461726399735,7273.382578803301
ID633,C,2275.734171765177,389.9227408270212,-13.757350756779942
ID884,A,2861.9647052550076,394.2101432034104,9032.878207904716
ID321,C,3133.111214274133,406.9798809669862,-166.84788269810724
ID689,B,2133.57119260881,432.11316499790536,6588.805729774003
ID549,A,2197.6365577220686,392.0399982268211,6965.9839369710435
ID474,C,2678.724221766297,413.3868820171711,183.5921125155628
ID430,B,2611.039651612811,392.57524282681135,8433.413788561895
ID340,B,2482.244050620598,399.86230917883705,7773.366425506027
ID827,A,2712.4546864924314,409.497337643264,7849.139646367066
ID705,B,2760.249863311791,391.491441807233,8109.676189896878
ID865,C,2650.0090310051746,393.2677345552934,-152.5461500483093
ID174,C,2603.5042621128105,420.50113811668547,329.1316034160741
ID131,C,2618.940857677301,395.76324353383,334.1741372985348
ID639,C,2639.6199570544627,389.89841356468065,206.51402119529075
ID267,B,2917.457224931818,379.47252723391375,8254.641608064467
ID487,B,2079.4174858458164,388.28147261999914,6553.422608992587
ID512,B,2398.1629774777466,422.5173230270589,7141.376874252088
ID492,A,2328.652724487335,394.1733443905857,7189.317418959263
ID385,C,2615.8566215476094,396.69210978820615,230.85798601021406
ID499,C,2506.0017060166447,370.7921943447709,746.1317440939442
ID558,B,2317.1792650177754,390.9165524903842,6951.734202458385
ID185,A,2901.7000313453545,387.02964954393906,9254.411697344682
ID268,B,2430.287944130908,386.06038250293295,7240.801827906748
ID718,A,2435.3190728701657,387.1229438819417,7067.188883852408
ID502,B,2532.2107197470164,399.937312812249,7427.646889390606
ID236,A,2606.30590184614,394.8191875953628,8975.036014208137
ID167,C,2141.705082202386,379.22789907933293,748.6723878959228
ID194,A,2493.481672593088,392.2315266841273,8041.301270572241
ID165,A,2681.7236204587716,408.83447047534025,8119.787912250771
ID320,B,2451.232719476688,434.20938120538,7855.056247636892
ID726,C,2939.560344309918,380.5692130834549,96.6786982304775
ID280,A,2698.327385266996,408.23670186246113,8293.949366973466
ID198,A,2325.410804477053,396.01203590214044,6810.131137193723
ID592,C,2564.3913902400714,415.194609387007,603.0016550022101
ID369,C,2650.4224620360364,405.71390935575573,710.486508899311
ID712,B,2324.4592547308607,407.7057403766607,7478.425511975709
ID124,A,2924.9105465084385,412.2021934890048,9697.418407838253
ID253,C,2494.4440257280885,421.465542529858,971.4483020123348
ID129,B,2785.8208915239743,402.8101014318443,8099.809090439183
ID606,C,2049.075217845014,422.02705851976157,1222.68173748288
ID331,C,2663.0071714092883,411.06218399148554,720.7933483805755
ID885,C,2989.046641463748,399.26900434974993,86.50231720088323
ID632,A,2491.8070805847588,365.47231747506294,8109.736293944049
ID743,C,2715.8793991827038,390.6875016447756,224.5558795035272
ID761,A,2724.326793179155,401.1026532742813,8938.8553993063
ID349,B,2106.409645712781,382.1580296469512,6667.298451279885
ID378,C,2166.2940868543255,405.4564587057268,677.7532845181038
ID438,B,2699.7660816672824,389.2217315713978,7376.519220395532
ID306,C,2876.344096725296,413.4245980202333,204.80478662191354
ID550,B,3143.5618344708255,432.09718552567676,8659.252791501705
ID566,C,2809.030264831303,394.5187113267966,297.683546295199
ID386,A,2717.695494261949,390.1121304252557,8577.80695785573
ID735,C,2494.6576922357976,385.0219982664039,814.8426166739391
ID471,C,2572.0754340663534,431.8740883882291,613.5942586334149
ID690,B,2074.88847874243,400.28864683129734,6801.599164492201
ID813,A,2332.093224455305,387.8142963788135,7361.551661032579
ID104,A,2650.4241207319615,383.1593926381038,8070.068949593629
ID206,B,2597.5503989590034,407.06947915810446,7959.689806588234
ID511,B,2606.123947166343,395.7866399346602,7812.64004492721
ID151,A,2676.9905334775426,380.6367021417555,8337.630046250206
ID387,C,2059.427286340853,401.1802299683085,1345.173861636301
ID738,A,2427.4094057321154,393.6988189233117,8065.949248754956
ID111,A,2524.6659157975514,423.06910099263877,8064.368755638318
ID288,B,2837.5413211055143,404.00475981252123,8622.174210635327
ID273,B,2201.074211057305,402.9208700898541,7494.932910134912
ID409,A,2188.004591076052,400.5343480165546,7214.2139522406105
ID426,C,2923.2103627960637,411.2522083736642,-228.95544751328907
ID396,B,2243.7489748507383,401.79995345613025,6995.335100495334
ID634,B,2027.7707911971765,381.81318377082846,6402.103540775588
ID746,A,2485.1908437363763,405.772751975714,7738.325014000843
ID775,B,2364.4191249574146,403.148622669069,7366.390771582179
ID657,A,1797.7809315237344,382.22798118609364,6124.894901426703
ID882,C,3075.5855697632014,403.9645485844441,130.2679009394883
ID130,C,2212.396170940567,410.8280095429959,1209.7924968291031
ID872,C,1967.1781746719257,425.56959143123424,629.2604122302059
ID628,A,2452.22342477951,407.28681524014803,8172.178982609524
ID164,A,2437.593992035007,411.4063626376181,7772.367416592433
ID494,A,2726.1069672940084,383.2460288216,8257.55007247517
ID674,A,2464.632679137902,414.46174843171764,7666.776482212454
ID189,B,2177.8757581394243,399.05228899874146,7015.340228619338
ID668,A,2256.2498713117666,390.8562702012828,7322.917068409933
ID567,A,2219.4787393540955,435.9416111216794,6679.821802155169
ID699,B,2544.1101231155753,385.4910956707272,7727.400225302423
ID870,B,2787.0839859285256,394.9950710984763,8163.5716340158315
ID490,C,2675.525487234849,380.4206080214207,361.4606198465899
ID495,B,2674.2030536306934,416.8042618051427,7833.86759665631
ID525,A,2539.377907857609,414.9481393200163,8314.033641011969
ID839,C,2389.1866543686456,391.1453978716585,418.66065888091634
ID401,B,1922.2296791297267,412.89527183725454,6047.7984536725435
ID535,C,2396.028280538653,400.49298191051946,746.2447518805379
ID739,B,2647.8217427273894,366.30964081471177,7641.788987315807
ID829,A,2335.197365673096,390.83222633968927,7719.668025738006
ID612,B,2933.0984043797416,416.5761923162117,8576.345636249933
ID356,A,1868.6103735916195,422.2051696927786,5860.383367038231
ID118,A,2807.659777148473,377.1139224206198,9226.51599481617
ID742,A,2809.282367725362,394.9942872365323,8749.628927498397
ID260,B,2344.9626443087745,411.84276314032314,7275.535452460104
ID460,A,2276.985106376929,386.78520837292,7146.082067015115
ID315,C,2791.173695583071,393.51256454252075,-26.159033897230984
ID483,B,2469.46320661744,403.19833788657064,7476.403277589029
ID605,A,2413.6772099464188,401.88862860689994,7747.294722995762
ID162,C,2466.6417490824692,409.4798065172533,-488.73592404757187
ID780,B,2632.8722414997515,377.62810022329177,7981.569662951411
ID708,A,2358.5703485574563,398.557860933689,7527.050647647014
ID361,B,2679.1504261125233,391.9912382676426,7961.516646005943
ID759,B,2088.6827760542205,388.494703365326,7066.16882581631
ID820,B,2208.0575782601995,391.6203849093796,7419.526688671071
ID736,C,2362.739434466259,394.049187731897,561.4043025491726
ID748,A,2294.309118988952,388.66518854755446,7872.286517027134
ID650,B,2690.9396842119,386.6498387597669,8122.47941456304
ID777,C,2369.7831822488893,416.2219743859797,348.1819791164826
ID644,A,2432.3313774763524,411.3622425885903,7754.099880062982
ID816,A,2271.087454160318,359.5650572530411,7872.973924278525
ID497,B,2318.4389381297606,399.51799555310856,7535.1106665752895
ID425,B,2545.6180493978054,392.67701584434514,7514.599932982319
ID437,A,2048.114622974146,408.5458653622552,6676.309120637317
ID122,B,3099.275612753816,405.6177227288697,8369.727085370518
ID192,A,2572.292156790451,401.42177907236874,8327.239288748493
ID522,B,2639.1343597326154,380.5013368029413,7831.902825531645
ID197,C,2792.848217363239,416.6406592377383,-167.85172836620768
ID428,C,2700.487499940981,417.0904334485224,390.5950805022039
ID843,B,2333.926975021899,399.17108518432406,7196.877606506527
ID466,B,2637.352855494383,402.3094698490688,7635.328351353232
ID358,B,2898.7230304566115,395.9927152526026,8473.404227187657
ID429,C,2227.8378161442283,387.52393395000496,605.2223944329958
ID277,B,2508.5487335588246,373.1534456447676,7736.179195988796
ID133,B,2810.4158819831346,412.8897905522271,7678.385683345428
ID159,A,2631.1787492896983,411.2137999096694,8438.614385741883
ID818,C,2282.99804846898,393.86616535390056,1039.2756853352826
ID247,A,2769.0821132886545,416.5794375598225,9047.89319142334
ID518,B,2210.6268411312367,421.9142035063403,7025.315987440659
ID728,A,2543.1149229675534,409.2953966187037,8618.808245206033
ID177,B,2220.231711295846,398.0496834279072,6894.700439411248
ID539,A,2444.0327402406424,415.99962778991244,7742.412486882541
ID835,B,2694.032450563851,385.6620454825631,7299.593854758545
ID317,A,2414.8675959115144,364.86800902639635,8004.177706577639
ID258,B,2369.678912411001,393.60953579163004,6964.701277400361
ID855,B,2487.0011598157676,413.28374725664236,7732.854200189934
ID900,A,2358.094203910495,386.34606309208493,8087.697765012285
ID239,A,2370.331418732485,403.14331790597566,6848.981839549846
ID169,A,2316.0605359338506,396.01691599859134,7682.4330796615595
ID740,A,2490.6230832214083,383.4559154799114,7922.583399126464
ID137,A,2996.4285082531196,394.7375211555375,9856.236840278048
ID765,A,2003.8093055817326,408.0533316699717,6581.9027484206
ID862,C,2268.8640849679023,427.9274993474009,389.056869492244
ID419,B,2630.0582862627202,408.9276004750309,7873.721770584021
ID221,C,3095.9280618622297,399.293866929163,-101.53224882983841
ID391,A,2393.088308687906,385.4107414761272,7987.129214423545
ID218,A,2244.9892555200777,391.15007905488744,7438.214786242615
ID112,A,2716.051224324012,406.81828511457235,9011.2677983598
ID596,A,2218.8858495136815,418.7508644457491,7281.382034976386
ID175,A,1995.1261234974495,410.36980897330847,6843.141312396954
ID123,A,2244.105387734704,406.848783858025,7080.115388629395
ID447,B,2260.433192041525,414.329273111416,6717.756590698679
ID411,A,2650.6458800054306,393.6780598101263,8744.461010152008
ID184,A,2277.874736576502,434.0332335162251,7486.6371776699425
ID364,A,2526.610798446473,411.68419003277006,8579.669392552241
ID600,B,2803.438338938218,372.5870551801895,8114.092750326319
ID528,C,2143.78639779016,409.18946004100525,529.7933066576195
ID379,A,2561.2580547065586,396.68858901410255,8578.026787161392
